{
    "foreground_intensity_properties_per_channel": {
        "0": {
            "max": 126530.203125,
            "mean": 2858.76025390625,
            "median": 74.0,
            "min": -1024.0,
            "percentile_00_5": -988.0,
            "percentile_99_5": 71587.921875,
            "std": 12213.4111328125
        }
    },
    "median_relative_size_after_cropping": 1.0,
    "shapes_after_crop": [
        [
            124,
            512,
            512
        ],
        [
            109,
            768,
            768
        ],
        [
            96,
            768,
            768
        ],
        [
            95,
            768,
            768
        ],
        [
            95,
            768,
            768
        ],
        [
            89,
            512,
            512
        ],
        [
            90,
            512,
            512
        ],
        [
            133,
            512,
            512
        ],
        [
            126,
            512,
            512
        ],
        [
            212,
            512,
            512
        ],
        [
            303,
            512,
            512
        ],
        [
            244,
            512,
            512
        ],
        [
            265,
            512,
            512
        ],
        [
            86,
            512,
            512
        ],
        [
            228,
            512,
            512
        ],
        [
            83,
            768,
            768
        ],
        [
            319,
            112,
            259
        ],
        [
            115,
            352,
            400
        ],
        [
            432,
            168,
            508
        ],
        [
            72,
            258,
            319
        ]
    ],
    "spacings": [
        [
            5.0,
            0.7820000052452087,
            0.7820000052452087
        ],
        [
            5.0,
            0.6497395634651184,
            0.6497395634651184
        ],
        [
            5.0,
            0.5078125,
            0.5078125
        ],
        [
            5.0,
            0.5989583134651184,
            0.5989583134651184
        ],
        [
            5.0,
            0.5768229365348816,
            0.5768229365348816
        ],
        [
            5.0,
            0.8999999761581421,
            0.8999999761581421
        ],
        [
            5.0,
            0.781000018119812,
            0.781000018119812
        ],
        [
            5.0,
            0.8309999704360962,
            0.8309999704360962
        ],
        [
            5.0,
            0.7820000052452087,
            0.7820000052452087
        ],
        [
            2.0,
            0.673828125,
            0.673828125
        ],
        [
            2.0,
            0.6171875,
            0.6171875
        ],
        [
            2.0,
            0.75,
            0.75
        ],
        [
            2.0,
            0.787109375,
            0.787109375
        ],
        [
            5.0,
            0.6171875,
            0.6171875
        ],
        [
            2.0,
            0.68359375,
            0.68359375
        ],
        [
            5.0,
            0.4622395932674408,
            0.4622395932674408
        ],
        [
            1.40625,
            1.5,
            1.40625
        ],
        [
            2.0,
            1.0,
            1.0
        ],
        [
            0.8202999830245972,
            1.100000023841858,
            0.8202999830245972
        ],
        [
            3.0,
            1.1875,
            1.1875
        ]
    ]
}